Workbook

Sheet Stock_Market_Data_Analysis
A1: Date | B1: Open | C1: High | D1: Low | E1: Close | F1: Volume | G1: Daily Return (%) | H1: Positive Return | I1: Negative Return | J1: =MAX(E2:E11085) -> 237.33 | L1: Metric | M1: Value
A2: 1980-12-12 00:00:00-05:00 | B2: 0.098834477 | C2: 0.099264169 | D2: 0.098834477 | E2: 0.098834477 | F2: 469033600 | H2: =IF(G2>0,G2,"") | I2: =IF(G2<0,G2,"") | J2: =MIN(E2:E11085) -> 0.037814889 | L2: Highest Closing price | M2: =MAX(E2:E11085) -> 237.33
A3: 1980-12-15 00:00:00-05:00 | B3: 0.094107912 | C3: 0.094107912 | D3: 0.093678221 | E3: 0.093678221 | F3: 175884800 | G3: =(E3-E2)/E2*100 -> -5.2170621 | H3: =IF(G3>0,G3,"") | I3: =IF(G3<0,G3,"") -> -5.2170621 | J3: =AVERAGE(E2:E11085) -> 23.054665 | L3: Lowest Closing Price | M3: =MIN(E2:E11085) -> 0.037814889
A4: 1980-12-16 00:00:00-05:00 | B4: 0.087232108 | C4: 0.087232108 | D4: 0.086802423 | E4: 0.086802423 | F4: 105728000 | G4: =(E4-E3)/E3*100 -> -7.3398042 | H4: =IF(G4>0,G4,"") | I4: =IF(G4<0,G4,"") -> -7.3398042 | J4: =MAX(F2:F11085) -> 7421640800 | L4: Average Closing Price | M4: =AVERAGE(E2:E11085) -> 23.054665
A5: 1980-12-17 00:00:00-05:00 | B5: 0.08895082 | C5: 0.089380511 | D5: 0.08895082 | E5: 0.08895082 | F5: 86441600 | G5: =(E5-E4)/E4*100 -> 2.4750427 | H5: =IF(G5>0,G5,"") -> 2.4750427 | I5: =IF(G5<0,G5,"") | J5: =SUM(F2:F11085) -> 3502478147000 | L5: Maximum Trading Value | M5: =MAX(F2:F11085) -> 7421640800
A6: 1980-12-18 00:00:00-05:00 | B6: 0.091529764 | C6: 0.09195945 | D6: 0.091529764 | E6: 0.091529764 | F6: 73449600 | G6: =(E6-E5)/E5*100 -> 2.899292 | H6: =IF(G6>0,G6,"") -> 2.899292 | I6: =IF(G6<0,G6,"") | J6: =COUNT(E2:E11085) -> 11084 | L6: Total Trading Volume | M6: =SUM(F2:F11085) -> 3502478147000
A7: 1980-12-19 00:00:00-05:00 | B7: 0.097115703 | C7: 0.097545394 | D7: 0.097115703 | E7: 0.097115703 | F7: 48630400 | G7: =(E7-E6)/E6*100 -> 6.1028662 | H7: =IF(G7>0,G7,"") -> 6.1028662 | I7: =IF(G7<0,G7,"") | L7: Total Trading Records | M7: =COUNT(E2:E11085) -> 11084
A8: 1980-12-22 00:00:00-05:00 | B8: 0.10184231 | C8: 0.10227277 | D8: 0.10184231 | E8: 0.10184231 | F8: 37363200 | G8: =(E8-E7)/E7*100 -> 4.8669822 | H8: =IF(G8>0,G8,"") -> 4.8669822 | I8: =IF(G8<0,G8,"") | L8: Average Daily Return | M8: =AVERAGE(G3:G11085) -> 0.10957329
A9: 1980-12-23 00:00:00-05:00 | B9: 0.10613994 | C9: 0.10656963 | D9: 0.10613994 | E9: 0.10613994 | F9: 46950400 | G9: =(E9-E8)/E8*100 -> 4.2198857 | H9: =IF(G9>0,G9,"") -> 4.2198857 | I9: =IF(G9<0,G9,"") | L9: Highest Daily Return | M9: =MAX(G3:G11085) -> 33.228035
A10: 1980-12-24 00:00:00-05:00 | B10: 0.11172587 | C10: 0.11215556 | D10: 0.11172587 | E10: 0.11172587 | F10: 48003200 | G10: =(E10-E9)/E9*100 -> 5.2627985 | H10: =IF(G10>0,G10,"") -> 5.2627985 | I10: =IF(G10<0,G10,"") | L10: Lowest Daily Return | M10: =MIN(G3:G11085) -> -51.869196
A11: 1980-12-26 00:00:00-05:00 | B11: 0.1220392 | C11: 0.12246889 | D11: 0.1220392 | E11: 0.1220392 | F11: 55574400 | G11: =(E11-E10)/E10*100 -> 9.2309259 | H11: =IF(G11>0,G11,"") -> 9.2309259 | I11: =IF(G11<0,G11,"") | L11: Daily Return Volatility | M11: =_xlfn.STDEV.S(G3:G11085) -> 2.7806891
A12: 1980-12-29 00:00:00-05:00 | B12: 0.12375794 | C12: 0.12418763 | D12: 0.12375794 | E12: 0.12375794 | F12: 93161600 | G12: =(E12-E11)/E11*100 -> 1.4083483 | H12: =IF(G12>0,G12,"") -> 1.4083483 | I12: =IF(G12<0,G12,"") | L12: Median Daily Return | M12: =MEDIAN(G3:G11085) -> 0
A13: 1980-12-30 00:00:00-05:00 | B13: 0.1211798 | C13: 0.1211798 | D13: 0.12075012 | E13: 0.12075012 | F13: 68880000 | G13: =(E13-E12)/E12*100 -> -2.4304009 | H13: =IF(G13>0,G13,"") | I13: =IF(G13<0,G13,"") -> -2.4304009 | L13: No of Positive Return days | M13: =COUNTIF(G3:G11085,">0") -> 5528
A14: 1980-12-31 00:00:00-05:00 | B14: 0.11774223 | C14: 0.11774223 | D14: 0.11731254 | E14: 0.11731254 | F14: 35750400 | G14: =(E14-E13)/E13*100 -> -2.8468534 | H14: =IF(G14>0,G14,"") | I14: =IF(G14<0,G14,"") -> -2.8468534 | L14: No of Negative Return days | M14: =COUNTIF(G3:G11085,"<0") -> 5184
A15: 1981-01-02 00:00:00-05:00 | B15: 0.11860158 | C15: 0.11946097 | D15: 0.11860158 | E15: 0.11860158 | F15: 21660800 | G15: =(E15-E14)/E14*100 -> 1.0988083 | H15: =IF(G15>0,G15,"") -> 1.0988083 | I15: =IF(G15<0,G15,"") | L15: No of Zero Return days | M15: =COUNTIF(G3:G11085,0) -> 371
A16: 1981-01-05 00:00:00-05:00 | B16: 0.11645318 | C16: 0.11645318 | D16: 0.1160235 | E16: 0.1160235 | F16: 35728000 | G16: =(E16-E15)/E15*100 -> -2.1737374 | H16: =IF(G16>0,G16,"") | I16: =IF(G16<0,G16,"") -> -2.1737374 | L16: Perc of Positive Return days | M16: =COUNTIF(G3:G11085,">0")/COUNT(G3:G11085)*100 -> 49.878192
A17: 1981-01-06 00:00:00-05:00 | B17: 0.11129624 | C17: 0.11129624 | D17: 0.11086655 | E17: 0.11086655 | F17: 45158400 | G17: =(E17-E16)/E16*100 -> -4.4447454 | H17: =IF(G17>0,G17,"") | I17: =IF(G17<0,G17,"") -> -4.4447454 | L17: Perc of Negative Return days | M17: =COUNTIF(G3:G11085,"<0")/COUNT(G3:G11085)*100 -> 46.774339
A18: 1981-01-07 00:00:00-05:00 | B18: 0.10656963 | C18: 0.10656963 | D18: 0.10613994 | E18: 0.10613994 | F18: 55686400 | G18: =(E18-E17)/E17*100 -> -4.2633338 | H18: =IF(G18>0,G18,"") | I18: =IF(G18<0,G18,"") -> -4.2633338 | L18: Perc of Zero Return days | M18: =COUNTIF(G3:G11085,0)/COUNT(G3:G11085)*100 -> 3.3474691
A19: 1981-01-08 00:00:00-05:00 | B19: 0.10442119 | C19: 0.10442119 | D19: 0.10399151 | E19: 0.10399151 | F19: 39827200 | G19: =(E19-E18)/E18*100 -> -2.0241467 | H19: =IF(G19>0,G19,"") | I19: =IF(G19<0,G19,"") -> -2.0241467 | L19: Avg Trading Volume | M19: =AVERAGE(F2:F11085) -> 3.1599406e+08
A20: 1981-01-09 00:00:00-05:00 | B20: 0.10957745 | C20: 0.11000714 | D20: 0.10957745 | E20: 0.10957745 | F20: 21504000 | G20: =(E20-E19)/E19*100 -> 5.3715338 | H20: =IF(G20>0,G20,"") -> 5.3715338 | I20: =IF(G20<0,G20,"") | L20: Median Trading Volume | M20: =MEDIAN(F2:F11085) -> 203975600
A21: 1981-01-12 00:00:00-05:00 | B21: 0.10957742 | C21: 0.10957742 | D21: 0.10871805 | E21: 0.10871805 | F21: 23699200 | G21: =(E21-E20)/E20*100 -> -0.78428 | H21: =IF(G21>0,G21,"") | I21: =IF(G21<0,G21,"") -> -0.78428 | L21: Lowest Trading Volume | M21: =MIN(F2:F11085) -> 0
A22: 1981-01-13 00:00:00-05:00 | B22: 0.10528057 | C22: 0.10528057 | D22: 0.10485087 | E22: 0.10485087 | F22: 23049600 | G22: =(E22-E21)/E21*100 -> -3.5570725 | H22: =IF(G22>0,G22,"") | I22: =IF(G22<0,G22,"") -> -3.5570725 | L22: Highest Trading Volume | M22: =MAX(F2:F11085) -> 7421640800
A23: 1981-01-14 00:00:00-05:00 | B23: 0.10528063 | C23: 0.10571032 | D23: 0.10528063 | E23: 0.10528063 | F23: 14291200 | G23: =(E23-E22)/E22*100 -> 0.40987451 | H23: =IF(G23>0,G23,"") -> 0.40987451 | I23: =IF(G23<0,G23,"") | L23: No of days with Zero Volume Records | M23: =COUNTIF(F2:F11085,0) -> 1
A24: 1981-01-15 00:00:00-05:00 | B24: 0.107429 | C24: 0.10828837 | D24: 0.107429 | E24: 0.107429 | F24: 14067200 | G24: =(E24-E23)/E23*100 -> 2.0406109 | H24: =IF(G24>0,G24,"") -> 2.0406109 | I24: =IF(G24<0,G24,"") | L24: Zero Volume Records | M24: =INDEX(A2:A11085,MATCH(0,F2:F11085,0)) -> 1981-08-10 00:00:00-04:00
A25: 1981-01-16 00:00:00-05:00 | B25: 0.10699926 | C25: 0.10699926 | D25: 0.10656957 | E25: 0.10656957 | F25: 13395200 | G25: =(E25-E24)/E24*100 -> -0.7999935 | H25: =IF(G25>0,G25,"") | I25: =IF(G25<0,G25,"") -> -0.7999935 | L25: No of days with Positive Volume Records | M25: =COUNTIF(F2:F11085,">0") -> 11083
A26: 1981-01-19 00:00:00-05:00 | B26: 0.11301493 | C26: 0.11344462 | D26: 0.11301493 | E26: 0.11301493 | F26: 41574400 | G26: =(E26-E25)/E25*100 -> 6.0480265 | H26: =IF(G26>0,G26,"") -> 6.0480265 | I26: =IF(G26<0,G26,"") | L26: Average Volume Excluding Zero | M26: =AVERAGEIF(F2:F11085,">0") -> 3.1602257e+08
A27: 1981-01-20 00:00:00-05:00 | B27: 0.11000714 | C27: 0.11000714 | D27: 0.10957745 | E27: 0.10957745 | F27: 30083200 | G27: =(E27-E26)/E26*100 -> -3.0416176 | H27: =IF(G27>0,G27,"") | I27: =IF(G27<0,G27,"") -> -3.0416176
A28: 1981-01-21 00:00:00-05:00 | B28: 0.11172587 | C28: 0.11258524 | D28: 0.11172587 | E28: 0.11172587 | F28: 15904000 | G28: =(E28-E27)/E27*100 -> 1.9606407 | H28: =IF(G28>0,G28,"") -> 1.9606407 | I28: =IF(G28<0,G28,"")
A29: 1981-01-22 00:00:00-05:00 | B29: 0.11301493 | C29: 0.11387431 | D29: 0.11301493 | E29: 0.11301493 | F29: 35548800 | G29: =(E29-E28)/E28*100 -> 1.1537722 | H29: =IF(G29>0,G29,"") -> 1.1537722 | I29: =IF(G29<0,G29,"")
A30: 1981-01-23 00:00:00-05:00 | B30: 0.11301493 | C30: 0.11344462 | D30: 0.11258524 | E30: 0.11258524 | F30: 11222400 | G30: =(E30-E29)/E29*100 -> -0.38020641 | H30: =IF(G30>0,G30,"") | I30: =IF(G30<0,G30,"") -> -0.38020641
A31: 1981-01-26 00:00:00-05:00 | B31: 0.11129624 | C31: 0.11129624 | D31: 0.11086655 | E31: 0.11086655 | F31: 24640000 | G31: =(E31-E30)/E30*100 -> -1.5265696 | H31: =IF(G31>0,G31,"") | I31: =IF(G31<0,G31,"") -> -1.5265696
A32: 1981-01-27 00:00:00-05:00 | B32: 0.11086652 | C32: 0.11086652 | D32: 0.11000715 | E32: 0.11000715 | F32: 23699200 | G32: =(E32-E31)/E31*100 -> -0.77516169 | H32: =IF(G32>0,G32,"") | I32: =IF(G32<0,G32,"") -> -0.77516169
A33: 1981-01-28 00:00:00-05:00 | B33: 0.10699926 | C33: 0.10699926 | D33: 0.10656957 | E33: 0.10656957 | F33: 28156800 | G33: =(E33-E32)/E32*100 -> -3.1248686 | H33: =IF(G33>0,G33,"") | I33: =IF(G33<0,G33,"") -> -3.1248686
A34: 1981-01-29 00:00:00-05:00 | B34: 0.10313213 | C34: 0.10313213 | D34: 0.10270244 | E34: 0.10270244 | F34: 43904000 | G34: =(E34-E33)/E33*100 -> -3.6287412 | H34: =IF(G34>0,G34,"") | I34: =IF(G34<0,G34,"") -> -3.6287412
A35: 1981-01-30 00:00:00-05:00 | B35: 0.097975085 | C35: 0.097975085 | D35: 0.097115703 | E35: 0.097115703 | F35: 46188800 | G35: =(E35-E34)/E34*100 -> -5.4397306 | H35: =IF(G35>0,G35,"") | I35: =IF(G35<0,G35,"") -> -5.4397306
A36: 1981-02-02 00:00:00-05:00 | B36: 0.09195945 | C36: 0.09195945 | D36: 0.091529764 | E36: 0.091529764 | F36: 23766400 | G36: =(E36-E35)/E35*100 -> -5.7518391 | H36: =IF(G36>0,G36,"") | I36: =IF(G36<0,G36,"") -> -5.7518391
A37: 1981-02-03 00:00:00-05:00 | B37: 0.094967291 | C37: 0.095396976 | D37: 0.094967291 | E37: 0.094967291 | F37: 19152000 | G37: =(E37-E36)/E36*100 -> 3.7556384 | H37: =IF(G37>0,G37,"") -> 3.7556384 | I37: =IF(G37<0,G37,"")
A38: 1981-02-04 00:00:00-05:00 | B38: 0.098404765 | C38: 0.098834445 | D38: 0.098404765 | E38: 0.098404765 | F38: 27865600 | G38: =(E38-E37)/E37*100 -> 3.6196399 | H38: =IF(G38>0,G38,"") -> 3.6196399 | I38: =IF(G38<0,G38,"")
... A11085: 2024-11-29 00:00:00-05:00 | B11085: 234.81 | C11085: 237.81 | D11085: 233.97 | E11085: 237.33 | F11085: 28481400 | G11085: =(E11085-E11084)/E11084*100 -> 1.0215848 | H11085: =IF(G11085>0,G11085,"") -> 1.0215848 | I11085: =IF(G11085<0,G11085,"")

Sheet Analysis Summary
A1: Metric | B1: Value
A2: Highest Closing Price | B2: =MAX(Stock_Market_Data_Analysis!E2:E11085) -> 237.33
A3: Lowest Closing Price | B3: =MIN(Stock_Market_Data_Analysis!E2:E11085) -> 0.037814889
A4: Average Closing Price | B4: =AVERAGE(Stock_Market_Data_Analysis!E2:E11085) -> 23.054665
A5: Average Daily Return (%) | B5: =AVERAGE(Stock_Market_Data_Analysis!G3:G11085) -> 0.10957329
A6: Highest Daily Return (%) | B6: =MAX(Stock_Market_Data_Analysis!G3:G11085) -> 33.228035
A7: Lowest Daily Return (%) | B7: =MIN(Stock_Market_Data_Analysis!G3:G11085) -> -51.869196
A8: Daily Return Volatility (%) | B8: =_xlfn.STDEV.S(Stock_Market_Data_Analysis!G3:G11085) -> 2.7806891
A9: Positive Return Days | B9: =COUNTIF(Stock_Market_Data_Analysis!G3:G11085,">0") -> 5528
A10: Negative Return Days | B10: =COUNTIF(Stock_Market_Data_Analysis!G3:G11085,"<0") -> 5184
A11: Zero Return Days | B11: =COUNTIF(Stock_Market_Data_Analysis!G3:G11085,0) -> 371
A12: Average Trading Volume | B12: =AVERAGE(Stock_Market_Data_Analysis!F2:F11085) -> 3.1599406e+08
A13: Median Trading Volume | B13: =MEDIAN(Stock_Market_Data_Analysis!F2:F11085) -> 203975600
A14: Maximum Trading Volume | B14: =MAX(Stock_Market_Data_Analysis!F2:F11085) -> 7421640800
A15: Total Trading Records | B15: =COUNT(Stock_Market_Data_Analysis!E2:E11085) -> 11084
A17: APPLE (AAPL) STOCK MARKET ANALYSIS
A20: KEY FINDINGS
A21: 1. Highest Closing Price | B21: 237.33
A22: 2. Lowest Closing Price | B22: 0.0378
A23: 3. Average Closing Price | B23: 23.0547
A24: 4. Average Daily Return | B24: 0.1096%*
A25: 5. Daily Return Volatility | B25: 2.7807%*
A26: 6. Largest Daily Loss | B26: -51.87%*
A28: DATA QUALITY NOTE
A29: On 29 September 2000, the close-to-close return is approximately −51.87%, while the reported open-to-close move is approximately −8.65%. The large difference warrants further verification of historical price adjustments and source methodology.
